Artistname;RecordTitle;RecordType;Year;SongTitle
999;Concrete;LP;1981;Mercy Mercy
999;Concrete;LP;1981;Public Enemy No.1
999;Concrete;LP;1981;So Greedy
999;Concrete;LP;1981;Taboo
999;Concrete;LP;1981;Little Red Riding Hood
999;Concrete;LP;1981;Fortune Teller
999;Concrete;LP;1981;Obsessed
999;Concrete;LP;1981;Silent Anger
999;Concrete;LP;1981;That's The Way It Goes
999;Concrete;LP;1981;Bongos On The Nile
999;Concrete;LP;1981;Don't You Know I Need You
999;Concrete;LP;1981;Break It Up
999;Separates;LP;1978;Feelin' Alright With The Crew
999;Separates;LP;1978;Homicide
999;Separates;LP;1978;Tulse Hill Night
999;Separates;LP;1978;Rael Rean
999;Separates;LP;1978;Let's Face It
999;Separates;LP;1978;Crime Part 2
999;Separates;LP;1978;Out Of Reach
999;Separates;LP;1978;Subterfuge
999;Separates;LP;1978;Wolf
999;Separates;LP;1978;High Energy Plan
999;Separates;LP;1978;Brightest View
999;Separates;LP;1978;Crime Part 1
999;The Biggest Prize In Sport;LP;1980;Inside Out
999;The Biggest Prize In Sport;LP;1980;Trouble
999;The Biggest Prize In Sport;LP;1980;So Long
999;The Biggest Prize In Sport;LP;1980;Fun Thing
999;The Biggest Prize In Sport;LP;1980;Biggest Prize In Sport
999;The Biggest Prize In Sport;LP;1980;Hollywood
10cc;Bloody Tourists;LP;1978;Dreadlock Holiday
10cc;Bloody Tourists;LP;1978;Everyhing You've Ever Wanted To Know About!!!
10cc;Bloody Tourists;LP;1978;Shock On The Tube
10cc;Bloody Tourists;LP;1978;Last Night
10cc;Bloody Tourists;LP;1978;Anonymous Alcoholic
10cc;Bloody Tourists;LP;1978;Reds In My Bed
10cc;Bloody Tourists;LP;1978;Take These Chains
10cc;Bloody Tourists;LP;1978;For You And I
10cc;Bloody Tourists;LP;1978;Life Line
10cc;Bloody Tourists;LP;1978;Tokyo
10cc;Bloody Tourists;LP;1978;Old Mister Time
10cc;Bloody Tourists;LP;1978;From Rochdale To Ocho Rios
10cc;Deceptive Bends;LP;1977;Feel The Benefit
10cc;Deceptive Bends;LP;1977;Good Morning Judge
10cc;Deceptive Bends;LP;1977;Things We Do For Love
10cc;Deceptive Bends;LP;1977;Marriage Bureau Rendezvous
10cc;Deceptive Bends;LP;1977;People In Love
10cc;Deceptive Bends;LP;1977;Modern Man Blues
10cc;Deceptive Bends;LP;1977;Honeymoon With B Troop
10cc;Deceptive Bends;LP;1977;I Bought A Flat Guitar Tutor
10cc;Deceptive Bends;LP;1977;You've Got A Cold
10cc;"Dreadlock Holiday (7"")";Single;1978;Nothing Can Move Me
10cc;"Dreadlock Holiday (7"")";Single;1978;Dreadlock Holiday
10cc;Greatest Hits 1972-1978;LP;1979;Dreadlock Holiday
10cc;Greatest Hits 1972-1978;LP;1979;Silly Love
10cc;Greatest Hits 1972-1978;LP;1979;I'm Not In Love
10cc;Greatest Hits 1972-1978;LP;1979;Things We Do For Love
10cc;Greatest Hits 1972-1978;LP;1979;Good Morning Judge
10cc;Greatest Hits 1972-1978;LP;1979;I'm Mandy Fly Me
10cc;Greatest Hits 1972-1978;LP;1979;Wall Street Shuffle
10cc;Greatest Hits 1972-1978;LP;1979;Life is A Minestrone
10cc;Greatest Hits 1972-1978;LP;1979;Dean And I
10cc;Greatest Hits 1972-1978;LP;1979;Rubber Bullets
10cc;Greatest Hits 1972-1978;LP;1979;Art For Art's Sake
10cc;Greatest Hits 1972-1978;LP;1979;Donna
10cc;How Dare You!;LP;1976;Head Room
10cc;How Dare You!;LP;1976;Rock'n'Roll Lullaby
10cc;How Dare You!;LP;1976;Art For Arts Sake
10cc;How Dare You!;LP;1976;Iceberg
10cc;How Dare You!;LP;1976;I'm Mandy Fly Me
10cc;How Dare You!;LP;1976;I Wanna Rule The World
10cc;How Dare You!;LP;1976;Don't Hang Up
10cc;How Dare You!;LP;1976;How Dare You
10cc;How Dare You!;LP;1976;Lazy Ways
10cc;"I'm Not In Love (7"")";Single;1975;I'm Not In Love
10cc;"I'm Not In Love (7"")";Single;1975;Good News
10cc;"Things We Do For Love (7"")";Single;1976;Things We Do For Love
10cc;"Things We Do For Love (7"")";Single;1976;Hot To Trot
16 Bit;"(Ina) Gadda-Da-Vida (12"")";EP;1987;Garden Of Eden
16 Bit;"(Ina) Gadda-Da-Vida (12"")";EP;1987;"(Ina) Gadda-Da-Vida (12"")"
16 Bit;"Changing Minds (12"")";EP;1987;"Changing Minds (12"")"
16 Bit;"Changing Minds (12"")";EP;1987;Changing Minds Instrumental
16 Bit;"Hi-Score (12"")";EP;1989;Hi-Score (Level 02 Mix)
16 Bit;"Hi-Score (12"")";EP;1989;Hi-Score (Level 01 Mix)
16 Bit;Inaxycvgtgb;LP;1987;Changing Minds
16 Bit;Inaxycvgtgb;LP;1987;Paris Bei Nacht
16 Bit;Inaxycvgtgb;LP;1987;1#1=Won
16 Bit;Inaxycvgtgb;LP;1987;"132 Beats ""xycvgtgb"""
16 Bit;Inaxycvgtgb;LP;1987;Desire
16 Bit;Inaxycvgtgb;LP;1987;Where Are You
16 Bit;Inaxycvgtgb;LP;1987;(Ina) Gadda-Da-Vida
16 Bit;Inaxycvgtgb;LP;1987;Be Quiet
16 Bit;Inaxycvgtgb;LP;1987;Mac's Flight
16 Bit;Inaxycvgtgb;LP;1987;Too Fast To Live
16 Bit;Inaxycvgtgb;LP;1987;Raindance
16 Bit;"Where Are You? (12"")";EP;1986;Where Are You (Mix II)
16 Bit;"Where Are You? (12"")";EP;1986;Where Are You (Instr.)
16 Bit;"Where Are You? (12"")";EP;1986;Where Are You (Mix I)
A Flock Of Seagulls;A Flock Of Seagulls;LP;1982;Messages
A Flock Of Seagulls;A Flock Of Seagulls;LP;1982;Man Made
A Flock Of Seagulls;A Flock Of Seagulls;LP;1982;Tokyo
A Flock Of Seagulls;A Flock Of Seagulls;LP;1982;D.N.A.
A Flock Of Seagulls;A Flock Of Seagulls;LP;1982;Don't Ask Me
A Flock Of Seagulls;A Flock Of Seagulls;LP;1982;Standing In The Doorway
A Flock Of Seagulls;A Flock Of Seagulls;LP;1982;Telecommunication
A Flock Of Seagulls;A Flock Of Seagulls;LP;1982;You Can Run
A Flock Of Seagulls;A Flock Of Seagulls;LP;1982;Space Age Love Song
A Flock Of Seagulls;A Flock Of Seagulls;LP;1982;I Ran
A Flock Of Seagulls;A Flock Of Seagulls;LP;1982;Modern Love Is Automatic
A Flock Of Seagulls;"I Ran (7"")";Single;1982;Pick Me Up
A Flock Of Seagulls;"I Ran (7"")";Single;1982;I Ran
A Flock Of Seagulls;Listen;LP;1983;Nightmares
A Flock Of Seagulls;Listen;LP;1983;Traveller
A Flock Of Seagulls;Listen;LP;1983;What Am I Supposed To Do
A Flock Of Seagulls;Listen;LP;1983;Electrics
A Flock Of Seagulls;Listen;LP;1983;0,104166667
A Flock Of Seagulls;Listen;LP;1983;Over The Border
A Flock Of Seagulls;Listen;LP;1983;Wishing (If I Had a Photograph Of You)
A Flock Of Seagulls;Listen;LP;1983;(It's Not Me) Talking
A Flock Of Seagulls;Listen;LP;1983;Transfer Affection
A Flock Of Seagulls;Listen;LP;1983;Fall
A Flock Of Seagulls;Live;CD;0;I Ran
A Flock Of Seagulls;Live;CD;0;You Can Run
A Flock Of Seagulls;Live;CD;0;Man Made
A Flock Of Seagulls;Live;CD;0;It's Not Me Talking
A Flock Of Seagulls;Live;CD;0;Modern Love Is Automatic
A Flock Of Seagulls;Live;CD;0;Telecommunication
A Flock Of Seagulls;Live;CD;0;DNA
A Flock Of Seagulls;Live;CD;0;Space Age Love Song
A Flock Of Seagulls;Live;CD;0;Commited
A Flock Of Seagulls;Live;CD;0;Pick Me Up
A Flock Of Seagulls;Live;CD;0;Standing In The Doorway
A Flock Of Seagulls;Live;CD;0;Messages
A Flock Of Seagulls;"Talking (12"")";EP;1983;Factory Music
A Flock Of Seagulls;"Talking (12"")";EP;1983;Talking (Instrumental)
A Flock Of Seagulls;"Talking (12"")";EP;1983;Talking (Remix)
A Flock Of Seagulls;The Story Of A Young Heart;LP;1984;Story Of A Young Heart
A Flock Of Seagulls;The Story Of A Young Heart;LP;1984;End
A Flock Of Seagulls;The Story Of A Young Heart;LP;1984;Never Again (The Dancer)
A Flock Of Seagulls;The Story Of A Young Heart;LP;1984;Heart Of Steel
A Flock Of Seagulls;The Story Of A Young Heart;LP;1984;Over My Head
A Flock Of Seagulls;The Story Of A Young Heart;LP;1984;Remember David
A Flock Of Seagulls;The Story Of A Young Heart;LP;1984;European (I Wish I Was)
A Flock Of Seagulls;The Story Of A Young Heart;LP;1984;More You Live, The More You Love
A Flock Of Seagulls;The Story Of A Young Heart;LP;1984;Suicide Day
A Flock Of Seagulls;"Wishing (7"")";Single;1982;Wishing
A Flock Of Seagulls;"Wishing (7"")";Single;1982;Committed
aGrumh;Black Vinyl Under Cover;LP;1987;An Island Called...
aGrumh;Black Vinyl Under Cover;LP;1987;R.L.P.K.
aGrumh;Black Vinyl Under Cover;LP;1987;Generation
aGrumh;Black Vinyl Under Cover;LP;1987;Hammam
aGrumh;Black Vinyl Under Cover;LP;1987;Bach Catalogue
aGrumh;Black Vinyl Under Cover;LP;1987;Countrol
aGrumh;Black Vinyl Under Cover;LP;1987;Yesterday
aGrumh;Black Vinyl Under Cover;LP;1987;Drive
aGrumh;Black Vinyl Under Cover;LP;1987;M.D.A.
aGrumh;Black Vinyl Under Cover;LP;1987;Bumf (We Know What Live Is)
aGrumh;Mix Yourself!;LP;0;Gina Du Plaza
aGrumh;Mix Yourself!;LP;0;Puratos
aGrumh;Mix Yourself!;LP;0;Sucking Energy
aGrumh;Mix Yourself!;LP;0;New Fashion (Not To Enjoy, To Fight!)
aGrumh;Mix Yourself!;LP;0;New Fashion (For N.J. Forces)
aGrumh;No Way Out;LP;1986;Podredumbre
aGrumh;No Way Out;LP;1986;Diffamavi Thebarum Potentes
aGrumh;No Way Out;LP;1986;Penser Et Agir (Est-ce Crime ?)
aGrumh;No Way Out;LP;1986;HaPeople
aGrumh;No Way Out;LP;1986;Edito
aGrumh;No Way Out;LP;1986;Drama In The Subway
aGrumh;No Way Out;LP;1986;Yot Essatup
aGrumh;No Way Out;LP;1986;Hitoy (Modern Languages)
aGrumh;No Way Out;LP;1986;Vociferous Litany
Abwärts;Abwärts;LP;1987;Für Alle Schön
Abwärts;Abwärts;LP;1987;Work!
Abwärts;Abwärts;LP;1987;New Religion
Abwärts;Abwärts;LP;1987;You Only Life Twice
Abwärts;Abwärts;LP;1987;Dressed To Kill
Abwärts;Abwärts;LP;1987;Masochist
Abwärts;Abwärts;LP;1987;White House
Abwärts;Abwärts;LP;1987;Neandertal Man
Abwärts;Abwärts;LP;1987;Alkohol
Abwärts;Abwärts;LP;1987;Bunte Scheine
Abwärts;AmokKoma;LP;1980;Ich Bin Stumm
Abwärts;AmokKoma;LP;1980;Mehr
Abwärts;AmokKoma;LP;1980;Bel Ami
Abwärts;AmokKoma;LP;1980;Verzählt
Abwärts;AmokKoma;LP;1980;Softly Softly
Abwärts;AmokKoma;LP;1980;Unfall
Abwärts;AmokKoma;LP;1980;Karo 1/4 08/15 Hoch 2
Abwärts;AmokKoma;LP;1980;Türkenblues
Abwärts;AmokKoma;LP;1980;Maschinenland
Abwärts;AmokKoma;LP;1980;Monday On My Mind
Abwärts;AmokKoma;LP;1980;Shanghai Stinker
Abwärts;AmokKoma;LP;1980;Japan - Live
Abwärts;AmokKoma;LP;1980;Neon Kind
Abwärts;Comic-Krieg;LP;1991;Dies Ist Die Stadt
Abwärts;Comic-Krieg;LP;1991;Zusammen Sind Wir Stark
Abwärts;Comic-Krieg;LP;1991;Der Wahnsinn
Abwärts;Comic-Krieg;LP;1991;Comic-Krieg
Abwärts;Comic-Krieg;LP;1991;Der Gespielte Witz
Abwärts;Comic-Krieg;LP;1991;Sonderzug
Abwärts;Comic-Krieg;LP;1991;Alle Könige
Abwärts;Comic-Krieg;LP;1991;Hallo, Ich Heiss Adolf
Abwärts;Comic-Krieg;LP;1991;Vorsicht!
Abwärts;Der Westen Ist Einsam;CD;1982;Tierlieb
Abwärts;Der Westen Ist Einsam;CD;1982;Aus Einem Gartenhaus
Abwärts;Der Westen Ist Einsam;CD;1982;Das Wort Zum Sonntag
Abwärts;Der Westen Ist Einsam;CD;1982;Beim Erstenmal Tut's Immer Weh
Abwärts;Der Westen Ist Einsam;CD;1982;Agent
Abwärts;Der Westen Ist Einsam;CD;1982;Papier
Abwärts;Der Westen Ist Einsam;CD;1982;Deprimiert
Abwärts;Der Westen Ist Einsam;CD;1982;Sei Froh
Abwärts;Der Westen Ist Einsam;CD;1982;Stein
Abwärts;Der Westen Ist Einsam;CD;1982;Affentanz
Abwärts;Ich Seh Die Schiffe Den Fluss Herunterfahren;LP;1990;Messias
Abwärts;Ich Seh Die Schiffe Den Fluss Herunterfahren;LP;1990;Ich Seh Die Schiffe Den Fluss Herunterfahren
Abwärts;Ich Seh Die Schiffe Den Fluss Herunterfahren;LP;1990;Säbeltanz
Abwärts;Ich Seh Die Schiffe Den Fluss Herunterfahren;LP;1990;Aufruhr
Abwärts;Ich Seh Die Schiffe Den Fluss Herunterfahren;LP;1990;Um In Das Meer Zu Gehen
Abwärts;Ich Seh Die Schiffe Den Fluss Herunterfahren;LP;1990;Autobahn
Abwärts;Ich Seh Die Schiffe Den Fluss Herunterfahren;LP;1990;Die Zeit
Abwärts;Ich Seh Die Schiffe Den Fluss Herunterfahren;LP;1990;Grab Dich Selber Ein
Abwärts;Ich Seh Die Schiffe Den Fluss Herunterfahren;LP;1990;Sandmännchen
Abwärts;Ich Seh Die Schiffe Den Fluss Herunterfahren;LP;1990;In Einem Anderen Land
Abwärts;Mehr Alkohol;LP;1988;Liz+Richard (Live)
Abwärts;Mehr Alkohol;LP;1988;Beirut, Holiday Inn (Live)
Abwärts;Mehr Alkohol;LP;1988;Cumputerstaat (Live)
Abwärts;Mehr Alkohol;LP;1988;Beim Ersten Mal (Live)
Abwärts;Mehr Alkohol;LP;1988;White House (Live)
Abwärts;Mehr Alkohol;LP;1988;Alkohol
Abwärts;Mehr Alkohol;LP;1988;Mehr Alkohol
Abwärts;Olympia (12");EP;1984;Olympia
Abwärts;Olympia (12");EP;1984;Men Of Poor Beginnings
Abwärts;Olympia (12");EP;1984;Men Of Poor Beginnings (Dub)
Adam And The Ants;Deutscher Girls (7");Single;1978;Deutscher Girls
Adam And The Ants;Deutscher Girls (7");Single;1978;Plastic Surgery
Adam And The Ants;Friend Or Foe (7");Single;1982;Juanito The Bandito
Adam And The Ants;Friend Or Foe (7");Single;1982;Friend Or Foe
Adam And The Ants;Goody Two Shoes (7");Single;1982;Goody Two Shoes
Adam And The Ants;Goody Two Shoes (7");Single;1982;Red Scab
Adam And The Ants;Kings Of The Wild Frontier;LP;1980;Magnificent Five
Adam And The Ants;Kings Of The Wild Frontier;LP;1980;Don't Be Square (Be There)
Adam And The Ants;Kings Of The Wild Frontier;LP;1980;Dog Eat Dog
Adam And The Ants;Kings Of The Wild Frontier;LP;1980;Jolly Roger
Adam And The Ants;Kings Of The Wild Frontier;LP;1980;Making History
Adam And The Ants;Kings Of The Wild Frontier;LP;1980;Kings Of The Wild Frontier
Adam And The Ants;Kings Of The Wild Frontier;LP;1980;Killer In the Home
Adam And The Ants;Kings Of The Wild Frontier;LP;1980;Ants Invasion
Adam And The Ants;Kings Of The Wild Frontier;LP;1980;Los Rancheros
Adam And The Ants;Kings Of The Wild Frontier;LP;1980;"Antmusic""
Adam And The Ants;Kings Of The Wild Frontier;LP;1980;Feed Me To The Lions
Adam And The Ants;Kings Of The Wild Frontier;LP;1980;Human Beings
Adam And The Ants;Prince Charming;LP;1981;Ant Rap
Adam And The Ants;Prince Charming;LP;1981;Mowhok
Adam And The Ants;Prince Charming;LP;1981;Mile High Club
Adam And The Ants;Prince Charming;LP;1981;Stand And Deliver
Adam And The Ants;Prince Charming;LP;1981;That Voodoo !
Adam And The Ants;Prince Charming;LP;1981;Five Guns West
Adam And The Ants;Prince Charming;LP;1981;Prince Charming
Adam And The Ants;Prince Charming;LP;1981;Picasso Visita El Planeta De Los Simios
Adam And The Ants;Prince Charming;LP;1981;Scorpios
Adam And The Ants;Prince Charming;LP;1981;S.E.X.
Adam And The Ants;Prince Charming (7");Single;1981;Christian D'Or
Adam And The Ants;Prince Charming (7");Single;1981;Prince Charming
Adverts;Crossing The Red Sea With The Adverts;LP;1978;Great British Mistake
Adverts;Crossing The Red Sea With The Adverts;LP;1978;On Wheels
Adverts;Crossing The Red Sea With The Adverts;LP;1978;Drowning Men
Adverts;Crossing The Red Sea With The Adverts;LP;1978;No Time To Be 21
Adverts;Crossing The Red Sea With The Adverts;LP;1978;Bombsite Boy
Adverts;Crossing The Red Sea With The Adverts;LP;1978;One Chord Wonders
Adverts;Crossing The Red Sea With The Adverts;LP;1978;Bored Teenagers
Adverts;Crossing The Red Sea With The Adverts;LP;1978;New Church
Adverts;Crossing The Red Sea With The Adverts;LP;1978;On The Roof
Adverts;Crossing The Red Sea With The Adverts;LP;1978;New Boys
Adverts;Crossing The Red Sea With The Adverts;LP;1978;Safety In Numbers
Adverts;Peel Session 1977-04-25;LP;1987;Gary Gilmore's Eyes
Adverts;Peel Session 1977-04-25;LP;1987;One Chord Wonders
Adverts;Peel Session 1977-04-25;LP;1987;New Boys
Adverts;Peel Session 1977-04-25;LP;1987;Bored Teenagers
Adverts;Peel Session 1977-04-25;LP;1987;Quickstep
Alien Sex Fiend;"IT" The Album;LP;1986;To Be Continued...
Alien Sex Fiend;"IT" The Album;LP;1986;Do It Right
Alien Sex Fiend;"IT" The Album;LP;1986;Lesson One
Alien Sex Fiend;"IT" The Album;LP;1986;Get Into It
Alien Sex Fiend;"IT" The Album;LP;1986;Wop Bop
Alien Sex Fiend;"IT" The Album;LP;1986;April Showers
Alien Sex Fiend;"IT" The Album;LP;1986;Believe It Or Not
Alien Sex Fiend;"IT" The Album;LP;1986;Smells Like
Alien Sex Fiend;"IT" The Album;LP;1986;Manic Depression
Alien Sex Fiend;Acid Bath;LP;1984;Attack!!!!!!#2
Alien Sex Fiend;Acid Bath;LP;1984;Hee-Haw (Here Come The Bone People)
Alien Sex Fiend;Acid Bath;LP;1984;Smoke My Bones
Alien Sex Fiend;Acid Bath;LP;1984;E.S.T. (Trip To The Moon)
Alien Sex Fiend;Acid Bath;LP;1984;She's A Killer
Alien Sex Fiend;Acid Bath;LP;1984;Dead And Re-Buried
Alien Sex Fiend;Acid Bath;LP;1984;Breakdown And Cry (Lay Down And Die-Goodbye)
Alien Sex Fiend;Acid Bath;LP;1984;In God We Trust (In Cars We Rust?)
Alien Sex Fiend;Another Planet;LP;1988;Wild Green Fiendy Liquid
Alien Sex Fiend;Another Planet;LP;1988;Bun-Ho! Time After Time
Alien Sex Fiend;Another Planet;LP;1988;Another Planet
Alien Sex Fiend;Another Planet;LP;1988;Alien
Alien Sex Fiend;Another Planet;LP;1988;Bun-Ho!
Alien Sex Fiend;Another Planet;LP;1988;Nightmare Zone
Alien Sex Fiend;Another Planet;LP;1988;Everybody's Dream
Alien Sex Fiend;Another Planet;LP;1988;So Much To Do - So Little Time ...
Alien Sex Fiend;Another Planet;LP;1988;Spot Your Lucky Warts
Alien Sex Fiend;Another Planet;LP;1988;Sample My Sausage
Alien Sex Fiend;Another Planet;LP;1988;Outer Limits
Alien Sex Fiend;Another Planet;LP;1988;Instant Karma Sutra
Alien Sex Fiend;Another Planet;LP;1988;Radiant City
Alien Sex Fiend;Curse;LP;1990;Blessings Of The State
Alien Sex Fiend;Curse;LP;1990;I Think I
Alien Sex Fiend;Curse;LP;1990;Now I'm Feeling Zombified
Alien Sex Fiend;Curse;LP;1990;Stress
Alien Sex Fiend;Curse;LP;1990;Dali-Ismus
Alien Sex Fiend;Curse;LP;1990;Eat!Eat!Eat! (An Eye For An Eye)
Alien Sex Fiend;Curse;LP;1990;Ain't Got Time To Bleed
Alien Sex Fiend;Curse;LP;1990;Burger Bar Baby
Alien Sex Fiend;Curse;LP;1990;Katch 22
Alien Sex Fiend;Hurricane Fighter Plane (12");EP;1987;Hurrican Fighter Dub
Alien Sex Fiend;Hurricane Fighter Plane (12");EP;1987;It Lives Again (Again)
Alien Sex Fiend;Hurricane Fighter Plane (12");EP;1987;It Lives Again
Alien Sex Fiend;Hurricane Fighter Plane (12");EP;1987;Hurrican Fighter Plane
Alien Sex Fiend;Lips Can't Go (12");EP;1983;Drive My Rocket (Up Uranus)
Alien Sex Fiend;Lips Can't Go (12");EP;1983;30 Second Coma
Alien Sex Fiend;Lips Can't Go (12");EP;1983;Toytown Mix
Alien Sex Fiend;Lips Can't Go (12");EP;1983;Lips Can't Go (Dance Mix)
Alien Sex Fiend;Liquid Head In Tokyo;LP;1985;Wild Women
Alien Sex Fiend;Liquid Head In Tokyo;LP;1985;In God We Trust (In Cars You Rust?)
Alien Sex Fiend;Liquid Head In Tokyo;LP;1985;Dead And Re-buried
Alien Sex Fiend;Liquid Head In Tokyo;LP;1985;Back To The Egg
Alien Sex Fiend;Liquid Head In Tokyo;LP;1985;Attack!!!!!!#2
Alien Sex Fiend;Liquid Head In Tokyo;LP;1985;Lips Can't Go
Alien Sex Fiend;Liquid Head In Tokyo;LP;1985;E.S.T. (Trip To The Moon)
Alien Sex Fiend;Liquid Head In Tokyo;LP;1985;R.I.P. (Blue Crume Truck)
Alien Sex Fiend;Maximum Security;LP;1985;I'm Doing Time In A Maximum Security Twilight Home
Alien Sex Fiend;Maximum Security;LP;1985;Mine's Full Of Maggots
Alien Sex Fiend;Maximum Security;LP;1985;Do You Sleep (Version)
Alien Sex Fiend;Maximum Security;LP;1985;Do You Sleep
Alien Sex Fiend;Maximum Security;LP;1985;Seconds To Nowhere
Alien Sex Fiend;Maximum Security;LP;1985;Depravity Lane...
Alien Sex Fiend;Maximum Security;LP;1985;Fly In The Ointment
Alien Sex Fiend;Maximum Security;LP;1985;In And Out Of My Mind
Alien Sex Fiend;Maximum Security;LP;1985;Beaver Destroys Forests
Alien Sex Fiend;Smells Like... (12");EP;1986;Buggin' Me
Alien Sex Fiend;Smells Like... (12");EP;1986;Smells Like... (Plip Plop Mix)
Alien Sex Fiend;Smells Like... (12");EP;1986;Smells Like... (Shit Mix)
Alien Sex Fiend;Who's Been Sleeping In My Brain;LP;1983;I'n Not Mad
Alien Sex Fiend;Who's Been Sleeping In My Brain;LP;1983;I Wish I Woz A Dog
Alien Sex Fiend;Who's Been Sleeping In My Brain;LP;1983;Wild Women
Alien Sex Fiend;Who's Been Sleeping In My Brain;LP;1983;New Christian Music
Alien Sex Fiend;Who's Been Sleeping In My Brain;LP;1983;Wigwam Wipe Out
Alien Sex Fiend;Who's Been Sleeping In My Brain;LP;1983;I'm Her Frankenstein
Alien Sex Fiend;Who's Been Sleeping In My Brain;LP;1983;I Am A Product
Alien Sex Fiend;Who's Been Sleeping In My Brain;LP;1983;Ignore The Machine
Alien Sex Fiend;Who's Been Sleeping In My Brain;LP;1983;Lips Can't Go
Alien Sex Fiend;Who's Been Sleeping In My Brain;LP;1983;Black Rabbit
DAF;1st Step To Heaven;LP;1986;1st Step To Heaven
DAF;1st Step To Heaven;LP;1986;Party
DAF;1st Step To Heaven;LP;1986;Pure Joy
DAF;1st Step To Heaven;LP;1986;Brothers
DAF;1st Step To Heaven;LP;1986;Sex Up
DAF;1st Step To Heaven;LP;1986;Voulez Vous Coucher Avec Moi
DAF;1st Step To Heaven;LP;1986;Voulez Vous Coucher Avec Moi Part II
DAF;1st Step To Heaven;LP;1986;Opium
DAF;Alles Ist Gut;LP;1981;Sato-Sato
DAF;Alles Ist Gut;LP;1981;Der Mussolini
DAF;Alles Ist Gut;LP;1981;Rote Lippen
DAF;Alles Ist Gut;LP;1981;Alles Ist Gut
DAF;Alles Ist Gut;LP;1981;Alle Gegen Alle
DAF;Alles Ist Gut;LP;1981;Verlier Nicht Den Kopf
DAF;Alles Ist Gut;LP;1981;Als Wär's Das Letzte Mal
DAF;Alles Ist Gut;LP;1981;Ich Und Die Wirklichkeit
DAF;Alles Ist Gut;LP;1981;Der Räuber Und Der Prinz
DAF;Alles Ist Gut;LP;1981;Mein Herz Macht Bum
DAF;Die Kleinen Und Die Bösen;LP;1980;De Panni
DAF;Die Kleinen Und Die Bösen;LP;1980;Die Lustigen Stiefel
DAF;Die Kleinen Und Die Bösen;LP;1980;Volkstanz
DAF;Die Kleinen Und Die Bösen;LP;1980;Anzufassen Und Anzufassen
DAF;Die Kleinen Und Die Bösen;LP;1980;Was Ist Eine Welle
DAF;Die Kleinen Und Die Bösen;LP;1980;Das Ist Liebe
DAF;Die Kleinen Und Die Bösen;LP;1980;Auf Wiedersehen
DAF;Die Kleinen Und Die Bösen;LP;1980;Y La Gracia
DAF;Die Kleinen Und Die Bösen;LP;1980;Gewalt
DAF;Die Kleinen Und Die Bösen;LP;1980;El Basilon
DAF;Die Kleinen Und Die Bösen;LP;1980;Ich Gebe Dir Ein Stück Von Mir
DAF;Die Kleinen Und Die Bösen;LP;1980;Nachtarbeit
DAF;Die Kleinen Und Die Bösen;LP;1980;Kinderfunk
DAF;Die Kleinen Und Die Bösen;LP;1980;Co Co Pino
DAF;Die Kleinen Und Die Bösen;LP;1980;Essen Dann Schlafen
DAF;Die Kleinen Und Die Bösen;LP;1980;Osten Währt Am Längsten
DAF;Die Kleinen Und Die Bösen;LP;1980;Gib's Mir
DAF;Die Kleinen Und Die Bösen;LP;1980;Die Kleinen Und Die Bösen
DAF;Die Kleinen Und Die Bösen;LP;1980;Die Fesche Lola
DAF;Gold Und Liebe;LP;1981;Liebe Auf Den Ersten Blick
DAF;Gold Und Liebe;LP;1981;Greif Nach Den Sternen
DAF;Gold Und Liebe;LP;1981;Verschwende Deine Jugend
DAF;Gold Und Liebe;LP;1981;Absolute Körperkontrolle
DAF;Gold Und Liebe;LP;1981;Muskel
DAF;Gold Und Liebe;LP;1981;Ich Will
DAF;Gold Und Liebe;LP;1981;Goldenes Spielzeug
DAF;Gold Und Liebe;LP;1981;Was Ziehst Du An Heute Nacht
DAF;Gold Und Liebe;LP;1981;Sex Unter Wasser
DAF;Gold Und Liebe;LP;1981;El Que
DAF;Liebe Auf Den Ersten Blick (7");Single;1981;Liebe Auf Den Ersten Blick
DAF;Liebe Auf Den Ersten Blick (7");Single;1981;Sex Unter Wasser
Dalek I;Compass Kumpas;LP;1980;Kiss
Dalek I;Compass Kumpas;LP;1980;Missing Fifteen Minutes
Dalek I;Compass Kumpas;LP;1980;Heat
Dalek I;Compass Kumpas;LP;1980;We're All Actors
Dalek I;Compass Kumpas;LP;1980;Good Times
Dalek I;Compass Kumpas;LP;1980;Mad
Dalek I;Compass Kumpas;LP;1980;You Really Got Me
Dalek I;Compass Kumpas;LP;1980;Trapped
Dalek I;Compass Kumpas;LP;1980;A Suicide
Dalek I;Compass Kumpas;LP;1980;Destiny (Dalek I Love You)
Dalek I;Compass Kumpas;LP;1980;World
Dalek I;Compass Kumpas;LP;1980;Eight Track
Dalek I;Compass Kumpas;LP;1980;Freedom Fighters
Dalek I;Compass Kumpas;LP;1980;Two Chameleons
Damned;Black Album;LP;1980;Drinking About My Baby
Damned;Black Album;LP;1980;Therapy
Damned;Black Album;LP;1980;Wait For The Blackout
Damned;Black Album;LP;1980;Silly Kids Games
Damned;Black Album;LP;1980;Twisted Nerve
Damned;Black Album;LP;1980;Hit Or Miss
Damned;Black Album;LP;1980;Dr. Jekyll And Mr. Hyde
Damned;Black Album;LP;1980;Sick Of This And That
Damned;Black Album;LP;1980;History Of The World part 1
Damned;Black Album;LP;1980;13th Floor Vendetta
Damned;Black Album;LP;1980;Lively Arts
Damned;Damned Damned Damned;LP;1977;New Rose
Damned;Damned Damned Damned;LP;1977;I Feel Alright
Damned;Damned Damned Damned;LP;1977;Stab Your Back
Damned;Damned Damned Damned;LP;1977;So Messed Up
Damned;Damned Damned Damned;LP;1977;1 Of The 2
Damned;Damned Damned Damned;LP;1977;Fish
Damned;Damned Damned Damned;LP;1977;Feel The Pain
Damned;Damned Damned Damned;LP;1977;I Fall
Damned;Damned Damned Damned;LP;1977;Fan Club
Damned;Damned Damned Damned;LP;1977;Neat Neat Neat
Damned;Damned Damned Damned;LP;1977;See Her Tonite
Damned;Damned Damned Damned;LP;1977;Born To Kill
Damned;Music For Pleasure;LP;1977;One Way Love
Damned;Music For Pleasure;LP;1977;Idiot Box
Damned;Music For Pleasure;LP;1977;Creep (You Can't Fool Me)
Damned;Music For Pleasure;LP;1977;Stretcher Case
Damned;Music For Pleasure;LP;1977;Politics
Damned;Music For Pleasure;LP;1977;Don't Cry Wolf
Damned;Music For Pleasure;LP;1977;Your Eyes
Damned;Music For Pleasure;LP;1977;Problem Child
Damned;Music For Pleasure;LP;1977;You Take My Money
Damned;Music For Pleasure;LP;1977;You Know
Damned;Music For Pleasure;LP;1977;Alone
Damned;Peel Session 1977-05-10;CD;1986;Sick Of Being Sick
Damned;Peel Session 1977-05-10;CD;1986;Stretcher Case
Damned;Peel Session 1977-05-10;CD;1986;Fan Club
Damned;Peel Session 1977-05-10;CD;1986;Feel The Pain
Damned;Strawberries;LP;1986;Dog
Damned;Strawberries;LP;1986;Under The Floor Again
Damned;Strawberries;LP;1986;Ignite
Damned;Strawberries;LP;1986;Generals
Damned;Strawberries;LP;1986;Pleasure And The Pain
Damned;Strawberries;LP;1986;Gun Fury
Damned;Strawberries;LP;1986;Bad Time For Bonzo
Damned;Strawberries;LP;1986;Don't Bother Me
Damned;Strawberries;LP;1986;Life Goes On
Damned;Strawberries;LP;1986;Dozen Girls
Damned;Strawberries;LP;1986;Stranger On The Town
Damned;The Light At The End Of The Tunnel;LP;1987;Shadow Of Love
Damned;The Light At The End Of The Tunnel;LP;1987;Nasty
Damned;The Light At The End Of The Tunnel;LP;1987;Eloise
Damned;The Light At The End Of The Tunnel;LP;1987;Trojans
Damned;The Light At The End Of The Tunnel;LP;1987;In Dulce Decorum
Damned;The Light At The End Of The Tunnel;LP;1987;History Of The World (Part 1)
Damned;The Light At The End Of The Tunnel;LP;1987;Feel The Pain
Damned;The Light At The End Of The Tunnel;LP;1987;Love Song
Damned;The Light At The End Of The Tunnel;LP;1987;Disco Man
Damned;The Light At The End Of The Tunnel;LP;1987;I Feel Alright
Damned;The Light At The End Of The Tunnel;LP;1987;Problem Child
Damned;The Light At The End Of The Tunnel;LP;1987;I Just Can't Be Happy Today
Damned;The Light At The End Of The Tunnel;LP;1987;Rabid (Over You) (CD Mix)
Damned;The Light At The End Of The Tunnel;LP;1987;Thanks For The Night (Rat Mix)
Damned;The Light At The End Of The Tunnel;LP;1987;New Rose
Damned;The Light At The End Of The Tunnel;LP;1987;Lovely Money
Damned;The Light At The End Of The Tunnel;LP;1987;Ignite
Damned;The Light At The End Of The Tunnel;LP;1987;Plan 9 Channel 7
Damned;The Light At The End Of The Tunnel;LP;1987;Grimly Fiendish (The Bad Trip Mix)
Damned;The Light At The End Of The Tunnel;LP;1987;Stranger On The Town
Damned;The Light At The End Of The Tunnel;LP;1987;Neat Neat Neat
Damned;The Light At The End Of The Tunnel;LP;1987;Alone Again Or
Damned;The Light At The End Of The Tunnel;LP;1987;Is It A Dream
Damned;The Light At The End Of The Tunnel;LP;1987;Smash It Up (Parts 1 & 2)
Damned;The Light At The End Of The Tunnel;LP;1987;Psychomania
Damned;The Light At The End Of The Tunnel;LP;1987;Anything
Dead Can Dance;Spleen And Ideal;LP;1985;De Profundis (Out Of The Depths Of Sorrow)
Dead Can Dance;Spleen And Ideal;LP;1985;Ascension
Dead Can Dance;Spleen And Ideal;LP;1985;Circum Radiant Dawn
Dead Can Dance;Spleen And Ideal;LP;1985;Cardinal Sin
Dead Can Dance;Spleen And Ideal;LP;1985;Mesmerism
Dead Can Dance;Spleen And Ideal;LP;1985;Enigma Of The Absolute
Dead Can Dance;Spleen And Ideal;LP;1985;Avatar
Dead Can Dance;Spleen And Ideal;LP;1985;Indoctrination (A Design For Living)
Dead Can Dance;Spleen And Ideal;LP;1985;Advent
Dead Can Dance;The Serpent's Egg;LP;1988;Song Of Sophia
Dead Can Dance;The Serpent's Egg;LP;1988;Chant Of The Paladin
Dead Can Dance;The Serpent's Egg;LP;1988;In The Land Of The Blind The One-Eyed Are Kings
Dead Can Dance;The Serpent's Egg;LP;1988;Writing On My Father's Hand
Dead Can Dance;The Serpent's Egg;LP;1988;Echolalia
Dead Can Dance;The Serpent's Egg;LP;1988;Mother Tongue
Dead Can Dance;The Serpent's Egg;LP;1988;Ullyses
Dead Can Dance;The Serpent's Egg;LP;1988;Severance
Dead Can Dance;The Serpent's Egg;LP;1988;Orbis De Ignis
Dead Can Dance;The Serpent's Egg;LP;1988;Host Of Seraphim
Dead Kennedys;Bedtime For Democracy;LP;1986;D.M.S.O.
Dead Kennedys;Bedtime For Democracy;LP;1986;Lie Detector
Dead Kennedys;Bedtime For Democracy;LP;1986;Macho Insecurity
Dead Kennedys;Bedtime For Democracy;LP;1986;Where Do Ya Draw The Line
Dead Kennedys;Bedtime For Democracy;LP;1986;Chickenshit Conformist
Dead Kennedys;Bedtime For Democracy;LP;1986;Triumph Of The Swill
Dead Kennedys;Bedtime For Democracy;LP;1986;Potshot Heard Round The World
Dead Kennedys;Bedtime For Democracy;LP;1986;Great Wall
Dead Kennedys;Bedtime For Democracy;LP;1986;Cesspools In Eden
Dead Kennedys;Bedtime For Democracy;LP;1986;One-Way Ticket To Pluto
Dead Kennedys;Bedtime For Democracy;LP;1986;Do The Slag
Dead Kennedys;Bedtime For Democracy;LP;1986;Shrink
Dead Kennedys;Bedtime For Democracy;LP;1986;A Commercial
Dead Kennedys;Bedtime For Democracy;LP;1986;Gone With My Wind
Dead Kennedys;Bedtime For Democracy;LP;1986;Anarchy For Sale
Dead Kennedys;Bedtime For Democracy;LP;1986;Take This Job And Shove It
Dead Kennedys;Bedtime For Democracy;LP;1986;Hop With The Jet Set
Dead Kennedys;Bedtime For Democracy;LP;1986;Dear Abby
Dead Kennedys;Bedtime For Democracy;LP;1986;Rambozo The Clown
Dead Kennedys;Bedtime For Democracy;LP;1986;Fleshdunce
Dead Kennedys;Bedtime For Democracy;LP;1986;I Spy
Dead Kennedys;Fresh Fruit For Rotting Vegetables;LP;1980;Kill The Poor
Dead Kennedys;Fresh Fruit For Rotting Vegetables;LP;1980;Forward To Death
Dead Kennedys;Fresh Fruit For Rotting Vegetables;LP;1980;Stealing People's Mail
Dead Kennedys;Fresh Fruit For Rotting Vegetables;LP;1980;Viva Las Vegas
Dead Kennedys;Fresh Fruit For Rotting Vegetables;LP;1980;When Ya Get Drafted
Dead Kennedys;Fresh Fruit For Rotting Vegetables;LP;1980;Let's Lynch The Landlord
Dead Kennedys;Fresh Fruit For Rotting Vegetables;LP;1980;Your Emotions
Dead Kennedys;Fresh Fruit For Rotting Vegetables;LP;1980;Holiday In Cambodia
Dead Kennedys;Fresh Fruit For Rotting Vegetables;LP;1980;Ill In The Head
Dead Kennedys;Fresh Fruit For Rotting Vegetables;LP;1980;Funland At The Beach
Dead Kennedys;Fresh Fruit For Rotting Vegetables;LP;1980;I Kill Children
Dead Kennedys;Fresh Fruit For Rotting Vegetables;LP;1980;California Über Alles
Dead Kennedys;Fresh Fruit For Rotting Vegetables;LP;1980;Chemical Warfare
Dead Kennedys;Fresh Fruit For Rotting Vegetables;LP;1980;Drug Me
Dead Kennedys;Too Drunk To Fuck (12");EP;1981;Prey
Dead Kennedys;Too Drunk To Fuck (12");EP;1981;Too Drunk To Fuck
Dickies;Dawn Of The Dickies;LP;1979;I'm A Chollo
Dickies;Dawn Of The Dickies;LP;1979;Attack Of The Mole Men
Dickies;Dawn Of The Dickies;LP;1979;I've Got A Splitting Hedachi
Dickies;Dawn Of The Dickies;LP;1979;Nights In White Satin
Dickies;Dawn Of The Dickies;LP;1979;Infidel Zombie
Dickies;Dawn Of The Dickies;LP;1979;Manny,Moe And Jack
Dickies;Dawn Of The Dickies;LP;1979;Fan Mail
Dickies;Dawn Of The Dickies;LP;1979;Where Did His Eye Go?
Dickies;Dawn Of The Dickies;LP;1979;(I'm Stuck In A Pagoda With) Tricia Toyota
Dickies;Dawn Of The Dickies;LP;1979;She Loves Me Not
Dickies;Locked'n'Loaded - Live In London;LP;1991;Cross-Eyed Tammy
Dickies;Locked'n'Loaded - Live In London;LP;1991;Communication Breakdown
Dickies;Locked'n'Loaded - Live In London;LP;1991;Banana Splits
Dickies;Locked'n'Loaded - Live In London;LP;1991;Fan Mail
Dickies;Locked'n'Loaded - Live In London;LP;1991;Manny,Moe & Jack
Dickies;Locked'n'Loaded - Live In London;LP;1991;If Stuart Could Talk
Dickies;Locked'n'Loaded - Live In London;LP;1991;She's A Hunch Back
Dickies;Locked'n'Loaded - Live In London;LP;1991;Going Homo
Dickies;Locked'n'Loaded - Live In London;LP;1991;Gigantor
Dickies;Locked'n'Loaded - Live In London;LP;1991;Paranoid
Dickies;Locked'n'Loaded - Live In London;LP;1991;Nights In White Satin
Dickies;Locked'n'Loaded - Live In London;LP;1991;Just Say Yes
Dickies;Locked'n'Loaded - Live In London;LP;1991;Eve Of Destruction
Dickies;Locked'n'Loaded - Live In London;LP;1991;(Stuck In A Pagoda) With Tricia Toyota
Dickies;Locked'n'Loaded - Live In London;LP;1991;Curb Job
Dickies;Locked'n'Loaded - Live In London;LP;1991;Attack Of The Killer Clowns From Outer Space
Dickies;Locked'n'Loaded - Live In London;LP;1991;You Drive Me Ape (You Big Gorilla)
Dickies;Locked'n'Loaded - Live In London;LP;1991;Pretty Please Me
Echo And The Bunnymen;Bring On The Dancing Horses (12");EP;1985;Over Your Sholder
Echo And The Bunnymen;Bring On The Dancing Horses (12");EP;1985;Bedbugs & Bullyhoo
Echo And The Bunnymen;Bring On The Dancing Horses (12");EP;1985;Bring On The Dancing Horses (Extended Mix)
Echo And The Bunnymen;Crocodiles;LP;1980;Going Up
Echo And The Bunnymen;Crocodiles;LP;1980;Villiers Terrace
Echo And The Bunnymen;Crocodiles;LP;1980;Pride
Echo And The Bunnymen;Crocodiles;LP;1980;Monkeys
Echo And The Bunnymen;Crocodiles;LP;1980;Stars Are Stars
Echo And The Bunnymen;Crocodiles;LP;1980;All That Jazz
Echo And The Bunnymen;Crocodiles;LP;1980;Happy Death Men
Echo And The Bunnymen;Crocodiles;LP;1980;Crocodiles
Echo And The Bunnymen;Crocodiles;LP;1980;Pictures On My Wall
Echo And The Bunnymen;Crocodiles;LP;1980;Rescue
Echo And The Bunnymen;Echo And The Bunnymen;LP;1987;Lips Like Sugar
Echo And The Bunnymen;Echo And The Bunnymen;LP;1987;Game
Echo And The Bunnymen;Echo And The Bunnymen;LP;1987;New Direction
Echo And The Bunnymen;Echo And The Bunnymen;LP;1987;Bedbugs And Ballyhoo
Echo And The Bunnymen;Echo And The Bunnymen;LP;1987;Lost And Found
Echo And The Bunnymen;Echo And The Bunnymen;LP;1987;Bombers Bay
Echo And The Bunnymen;Echo And The Bunnymen;LP;1987;All In Your Mind
Echo And The Bunnymen;Echo And The Bunnymen;LP;1987;Blue Blue Ocean
Echo And The Bunnymen;Echo And The Bunnymen;LP;1987;Satellite
Echo And The Bunnymen;Echo And The Bunnymen;LP;1987;Over You
Echo And The Bunnymen;Echo And The Bunnymen;LP;1987;All My Life
Echo And The Bunnymen;Heaven Up Here;LP;1981;A Promise
Echo And The Bunnymen;Heaven Up Here;LP;1981;Disease
Echo And The Bunnymen;Heaven Up Here;LP;1981;Show Of Strength
Echo And The Bunnymen;Heaven Up Here;LP;1981;With A Hip
Echo And The Bunnymen;Heaven Up Here;LP;1981;It Was A Pleasure
Echo And The Bunnymen;Heaven Up Here;LP;1981;Heaven Up Here
Echo And The Bunnymen;Heaven Up Here;LP;1981;All My Colours
Echo And The Bunnymen;Heaven Up Here;LP;1981;No Dark Things
Echo And The Bunnymen;Heaven Up Here;LP;1981;Turquoise Days
Echo And The Bunnymen;Heaven Up Here;LP;1981;All I Want
Echo And The Bunnymen;Heaven Up Here;LP;1981;Over The Wall
Echo And The Bunnymen;Porcupine;LP;1983;Back Of Love
Echo And The Bunnymen;Porcupine;LP;1983;My White Devil
Echo And The Bunnymen;Porcupine;LP;1983;Gods Will Be Gods
Echo And The Bunnymen;Porcupine;LP;1983;Higher Hell
Echo And The Bunnymen;Porcupine;LP;1983;Ripeness
Echo And The Bunnymen;Porcupine;LP;1983;Heads Will Roll
Echo And The Bunnymen;Porcupine;LP;1983;Porcupine
Echo And The Bunnymen;Porcupine;LP;1983;Clay
Echo And The Bunnymen;Porcupine;LP;1983;In Bluer Skies
Echo And The Bunnymen;Porcupine;LP;1983;Cutter
Eddie And The Hot Rods;Life On The Line;LP;1977;What's Really Going On
Eddie And The Hot Rods;Life On The Line;LP;1977;Telephone Girl
Eddie And The Hot Rods;Life On The Line;LP;1977;Life On The Line
Eddie And The Hot Rods;Life On The Line;LP;1977;Do Anything You Wanna Do
Eddie And The Hot Rods;Life On The Line;LP;1977;Don't Believe Your Eyes
Eddie And The Hot Rods;Life On The Line;LP;1977;Quit This Town
Eddie And The Hot Rods;Life On The Line;LP;1977;Beginning Of The End
Eddie And The Hot Rods;Life On The Line;LP;1977;We Sing ... The Cross
Eddie And The Hot Rods;Life On The Line;LP;1977;Ignore Them (Still Life)
Eddie And The Hot Rods;Thriller;LP;1979;Echoes
Eddie And The Hot Rods;Thriller;LP;1979;Media Messiahs
Eddie And The Hot Rods;Thriller;LP;1979;Circles
Eddie And The Hot Rods;Thriller;LP;1979;He Does It With Mirrors
Eddie And The Hot Rods;Thriller;LP;1979;Strangers
Eddie And The Hot Rods;Thriller;LP;1979;Breathless
Eddie And The Hot Rods;Thriller;LP;1979;Out To Lunch
Eddie And The Hot Rods;Thriller;LP;1979;Living Dangerously
Eddie And The Hot Rods;Thriller;LP;1979;Power & The Glory
Eddie And The Hot Rods;Thriller;LP;1979;Take It Or Leave It
Exploited;Horror Epics;LP;1986;Law And Order
Exploited;Horror Epics;LP;1986;Don't Forget The Chaos
Exploited;Horror Epics;LP;1986;Horror Epics
Exploited;Horror Epics;LP;1986;My Life
Exploited;Horror Epics;LP;1986;I Hate You
Exploited;Horror Epics;LP;1986;No More Idols
Exploited;Horror Epics;LP;1986;Maggie
Exploited;Horror Epics;LP;1986;Dangerous Visions
Exploited;Horror Epics;LP;1986;Down Below
Exploited;Horror Epics;LP;1986;Forty Odd Years Ago
Exploited;Horror Epics;LP;1986;Treat You Like Shit
Exploited;Let's Start A War;LP;1983;Let's Start A War (Said Maggie One Day)
Exploited;Let's Start A War;LP;1983;Eyes Of The Vulture
Exploited;Let's Start A War;LP;1983;Safe Below
Exploited;Let's Start A War;LP;1983;Insanity
Exploited;Let's Start A War;LP;1983;Should We Can't We
Exploited;Let's Start A War;LP;1983;Rival Leaders (Remix)
Exploited;Let's Start A War;LP;1983;Wankers
Exploited;Let's Start A War;LP;1983;Another Day To Go Nowhere
Exploited;Let's Start A War;LP;1983;False Hopes
Exploited;Let's Start A War;LP;1983;Kidology
Exploited;Let's Start A War;LP;1983;Psycho
Exploited;Let's Start A War;LP;1983;God Saved The Queen
Exploited;Troops Of Tomorrow;LP;1983;They Won't Stop
Exploited;Troops Of Tomorrow;LP;1983;Daily News
Exploited;Troops Of Tomorrow;LP;1983;Dead Cities
Exploited;Troops Of Tomorrow;LP;1983;Germs
Exploited;Troops Of Tomorrow;LP;1983;So Tragic
Exploited;Troops Of Tomorrow;LP;1983;USA
Exploited;Troops Of Tomorrow;LP;1983;Alternative (Remix)
Exploited;Troops Of Tomorrow;LP;1983;Disorder
Exploited;Troops Of Tomorrow;LP;1983;Rapist
Exploited;Troops Of Tomorrow;LP;1983;Troops Of Tomorrow
Exploited;Troops Of Tomorrow;LP;1983;UK 82
Exploited;Troops Of Tomorrow;LP;1983;Sid Vicious Was Innocent
Exploited;Troops Of Tomorrow;LP;1983;War
Exploited;Troops Of Tomorrow;LP;1983;Jimmy Boyle
Faces;A Nod's As Good As A Wink To A Blind Horse;LP;1972;Stay With Me
Faces;A Nod's As Good As A Wink To A Blind Horse;LP;1972;That's All You Need
Faces;A Nod's As Good As A Wink To A Blind Horse;LP;1972;Too Bad
Faces;A Nod's As Good As A Wink To A Blind Horse;LP;1972;Debris
Faces;A Nod's As Good As A Wink To A Blind Horse;LP;1972;Last Orders Please
Faces;A Nod's As Good As A Wink To A Blind Horse;LP;1972;Love Lived Here
Faces;A Nod's As Good As A Wink To A Blind Horse;LP;1972;You're So Rude
Faces;A Nod's As Good As A Wink To A Blind Horse;LP;1972;Miss Judy's Farm
Faces;A Nod's As Good As A Wink To A Blind Horse;LP;1972;Memphis
Fad Gadget;I Discover Love (12");EP;1983;Lemming Stomp
Fad Gadget;I Discover Love (12");EP;1983;I Discover Love (Extended Version)
Fad Gadget;Incontinent;LP;1981;Plain Clothes
Fad Gadget;Incontinent;LP;1981;Manual Dexterity
Fad Gadget;Incontinent;LP;1981;Blind Eyes
Fad Gadget;Incontinent;LP;1981;Saturday Night Special
Fad Gadget;Incontinent;LP;1981;Innocent Bystander
Fad Gadget;Incontinent;LP;1981;King Of The Flies
Fad Gadget;Incontinent;LP;1981;Diminished Responsibility
Fad Gadget;Incontinent;LP;1981;Incontinent
Fad Gadget;Incontinent;LP;1981;Swallow It
Fad Gadget;The Fad Gadget Singles;LP;1986;Box
Fad Gadget;The Fad Gadget Singles;LP;1986;For Whom The Bells Toll
Fad Gadget;The Fad Gadget Singles;LP;1986;Life On The Line
Fad Gadget;The Fad Gadget Singles;LP;1986;King Of The Flies
Fad Gadget;The Fad Gadget Singles;LP;1986;I Discover Love
Fad Gadget;The Fad Gadget Singles;LP;1986;Collapsing New People
Fad Gadget;The Fad Gadget Singles;LP;1986;Saturday Night Special
Fad Gadget;The Fad Gadget Singles;LP;1986;Lady Shave
Fad Gadget;The Fad Gadget Singles;LP;1986;Back To Nature
Fad Gadget;The Fad Gadget Singles;LP;1986;Fireside Favourite
Fad Gadget;The Fad Gadget Singles;LP;1986;Ricky's Hand
Faith No More;The Real Thing;LP;1989;Zombie Eaters
Faith No More;The Real Thing;LP;1989;Falling To Pieces
Faith No More;The Real Thing;LP;1989;Surprise! You're Dead!
Faith No More;The Real Thing;LP;1989;Epic
Faith No More;The Real Thing;LP;1989;From Out Of Nowhere
Faith No More;The Real Thing;LP;1989;Real Thing
Faith No More;The Real Thing;LP;1989;Woodpecker From Mars
Faith No More;The Real Thing;LP;1989;Morning After
Faith No More;The Real Thing;LP;1989;Underwater Love
Feelies;Crazy Rhythms;LP;1980;Raised Eyebrows
Feelies;Crazy Rhythms;LP;1980;Crazy Rhythms
Feelies;Crazy Rhythms;LP;1980;Everybody's Got Something To Hide
Feelies;Crazy Rhythms;LP;1980;Original Love
Feelies;Crazy Rhythms;LP;1980;Moscow Nights
Feelies;Crazy Rhythms;LP;1980;Loveless Love
Feelies;Crazy Rhythms;LP;1980;Fa Ce La
Feelies;Crazy Rhythms;LP;1980;Boy With Perpetual Nervousness
Feelies;Crazy Rhythms;LP;1980;Forces At Work
Feelies;The Good Earth;CD;1986;On The Roof
Feelies;The Good Earth;CD;1986;Let's Go
Feelies;The Good Earth;CD;1986;Tomorrow Today
Feelies;The Good Earth;CD;1986;Good Earth
Feelies;The Good Earth;CD;1986;High Road
Feelies;The Good Earth;CD;1986;Last Roundup
Feelies;The Good Earth;CD;1986;Two Rooms
Feelies;The Good Earth;CD;1986;Slipping (Into Something)
Feelies;The Good Earth;CD;1986;When Company Comes
Feelies;The Good Earth;CD;1986;Slow Down
Fehlfarben;33 Tage In Ketten;LP;1981;Stunde Des Glücks
Fehlfarben;33 Tage In Ketten;LP;1981;Wunderbar
Fehlfarben;33 Tage In Ketten;LP;1981;Die Wilde 13
Fehlfarben;33 Tage In Ketten;LP;1981;Tanz Mit Dem Herzen
Fehlfarben;33 Tage In Ketten;LP;1981;Hutschläger
Fehlfarben;33 Tage In Ketten;LP;1981;Katze Zur Maus
Fehlfarben;33 Tage In Ketten;LP;1981;Söhne Und töchter
Fehlfarben;33 Tage In Ketten;LP;1981;Verstehen
Fehlfarben;33 Tage In Ketten;LP;1981;Schlaflos Nachts
Fehlfarben;33 Tage In Ketten;LP;1981;Marsch
Fehlfarben;33 Tage In Ketten;LP;1981;Imitation Of Life
Fehlfarben;Glut Und Asche;LP;1983;Dollars & Deutschmarks
Fehlfarben;Glut Und Asche;LP;1983;Feuer An Bord
Fehlfarben;Glut Und Asche;LP;1983;Jenseits Der Tür
Fehlfarben;Glut Und Asche;LP;1983;Die Kunst Des Zitats
Fehlfarben;Glut Und Asche;LP;1983;Magnificent Obsession
Fehlfarben;Glut Und Asche;LP;1983;Agenten In Raucherkinos
Fehlfarben;Glut Und Asche;LP;1983;Tag Und Nacht
Fehlfarben;Glut Und Asche;LP;1983;14 Tage
Fehlfarben;Glut Und Asche;LP;1983;Das Buschgespenst
Fehlfarben;Monarchie Und Alltag;LP;1980;Grauschleier
Fehlfarben;Monarchie Und Alltag;LP;1980;Hier Und Jetzt
Fehlfarben;Monarchie Und Alltag;LP;1980;Paul Ist Tot
Fehlfarben;Monarchie Und Alltag;LP;1980;Das War Vor Jahren
Fehlfarben;Monarchie Und Alltag;LP;1980;Angst
Fehlfarben;Monarchie Und Alltag;LP;1980;Ein Jahr (Es Geht Voran)
Fehlfarben;Monarchie Und Alltag;LP;1980;Apokalypse
Fehlfarben;Monarchie Und Alltag;LP;1980;Militürk
Fehlfarben;Monarchie Und Alltag;LP;1980;Gottseidank Nicht In England
Fehlfarben;Monarchie Und Alltag;LP;1980;Das Sind Geschichten
Fehlfarben;Monarchie Und Alltag;LP;1980;All That Heaven Allows
Fields Of The Nephilim;Dawnrazor;LP;1987;Dust
Fields Of The Nephilim;Dawnrazor;LP;1987;Slowkill
Fields Of The Nephilim;Dawnrazor;LP;1987;Vet For The Insane
Fields Of The Nephilim;Dawnrazor;LP;1987;Reanimator
Fields Of The Nephilim;Dawnrazor;LP;1987;Dawnrazor
Fields Of The Nephilim;Dawnrazor;LP;1987;Sequel
Fields Of The Nephilim;Dawnrazor;LP;1987;Intro (The Harmonica Man)
Fields Of The Nephilim;Dawnrazor;LP;1987;Volcane (Mr. Jealousy Has Returned)
Fields Of The Nephilim;Earth Inferno;LP;1991;Preacher Man
Fields Of The Nephilim;Earth Inferno;LP;1991;Dawnrazor
Fields Of The Nephilim;Earth Inferno;LP;1991;Psychonaut
Fields Of The Nephilim;Earth Inferno;LP;1991;Love Under Will
Fields Of The Nephilim;Earth Inferno;LP;1991;Submission
Fields Of The Nephilim;Earth Inferno;LP;1991;Moonchild
Fields Of The Nephilim;Earth Inferno;LP;1991;At The Gates Of Silent Memory (Paradise Regained)
Fields Of The Nephilim;Earth Inferno;LP;1991;Intro (Dead But Dreaming)
Fields Of The Nephilim;Earth Inferno;LP;1991;Sumerland
Fields Of The Nephilim;Earth Inferno;LP;1991;Last Exit For The Lost
Fields Of The Nephilim;Earth Inferno;LP;1991;For Her Light
Fields Of The Nephilim;Elizium;LP;1990;And There Will Your Heart Be Also
Fields Of The Nephilim;Elizium;LP;1990;Sumerland (What Dreams May Come)
Fields Of The Nephilim;Elizium;LP;1990;Wail Of Sumer
Fields Of The Nephilim;Elizium;LP;1990;Paradise Regained
Fields Of The Nephilim;Elizium;LP;1990;Submission
Fields Of The Nephilim;Elizium;LP;1990;At The Gates Of Silent Memory
Fields Of The Nephilim;Elizium;LP;1990;Dead But Dreaming
Fields Of The Nephilim;Elizium;LP;1990;For Her Light
Fields Of The Nephilim;For Her Light (12");EP;1990;For Her Light
Fields Of The Nephilim;For Her Light (12");EP;1990;Submission (Non-Resistance)
Fields Of The Nephilim;Moonchild (12");EP;1988;Moonchild (Longevity)
Fields Of The Nephilim;Moonchild (12");EP;1988;Moonchild (Unsealed)
Fields Of The Nephilim;Moonchild (12");EP;1988;Shiva
Fields Of The Nephilim;Preacher Man (12");EP;1987;Preacher Man (Contaminated Version)
Fields Of The Nephilim;Preacher Man (12");EP;1987;Preacher Man
Fields Of The Nephilim;Preacher Man (12");EP;1987;Laura II
Fields Of The Nephilim;Psychonaut (12");EP;1989;Celebrate (Second Seal)
Fields Of The Nephilim;Psychonaut (12");EP;1989;Psychonaut Lib.III
Fields Of The Nephilim;Returning To Gehenna (12");EP;1986;Returning To Gehenna
Fields Of The Nephilim;Returning To Gehenna (12");EP;1986;Secrets
Fields Of The Nephilim;Returning To Gehenna (12");EP;1986;Laura
Fields Of The Nephilim;Returning To Gehenna (12");EP;1986;Power
Fields Of The Nephilim;Returning To Gehenna (12");EP;1986;Tower
Fields Of The Nephilim;Sumerland EP;LP;1990;Phobia (Live)
Fields Of The Nephilim;Sumerland EP;LP;1990;Sumerland
Fields Of The Nephilim;Sumerland EP;LP;1990;Blue Water (Live)
Fields Of The Nephilim;Sumerland EP;LP;1990;Watchman (Live)
Fields Of The Nephilim;The Nephilim;LP;1988;Chord Of Souls
Fields Of The Nephilim;The Nephilim;LP;1988;Celebrate
Fields Of The Nephilim;The Nephilim;LP;1988;Last Exit For The Lost
Fields Of The Nephilim;The Nephilim;LP;1988;Endemoniada
Fields Of The Nephilim;The Nephilim;LP;1988;Moonchild
Fields Of The Nephilim;The Nephilim;LP;1988;Watchman
Fields Of The Nephilim;The Nephilim;LP;1988;Phobia
Fields Of The Nephilim;The Nephilim;LP;1988;Love Under Will
Front 242;Geography;LP;1982;U-Men
Front 242;Geography;LP;1982;Art And Strategy
Front 242;Geography;LP;1982;With Your Cries
Front 242;Geography;LP;1982;Operating Tracks
Front 242;Geography;LP;1982;Geography II
Front 242;Geography;LP;1982;Least Inkling
Front 242;Geography;LP;1982;GVDT
Front 242;Geography;LP;1982;Geography I
Front 242;Geography;LP;1982;Black White Blue
Front 242;Geography;LP;1982;Kampfbereit
Front 242;Geography;LP;1982;Dialogues
Front 242;Geography;LP;1982;Kinetics
Front 242;Headhunter (12");EP;1988;Welcome Paradise
Front 242;Headhunter (12");EP;1988;Headhunter
Front 242;Interception (12");EP;1986;Agressiva
Front 242;Interception (12");EP;1986;Quite Unusual
Front 242;Masterhit (12");EP;1987;Masterhit (Hypnomix)
Front 242;Masterhit (12");EP;1987;Masterhit
Front 242;Masterhit (12");EP;1987;Masterblaster
Front 242;No Comment;LP;1985;Commando Mix
Front 242;No Comment;LP;1985;Lovely Day
Front 242;No Comment;LP;1985;Deceit
Front 242;No Comment;LP;1985;Special Forces
Front 242;No Comment;LP;1985;No Shuffle
Front 242;No Comment;LP;1985;S.FR. Nomenklatura
Front 242;Official Version;LP;1987;Television Station
Front 242;Official Version;LP;1987;W.Y.H.I.W.Y.G.
Front 242;Official Version;LP;1987;Angst
Front 242;Official Version;LP;1987;Red Team
Front 242;Official Version;LP;1987;Quite Unusual
Front 242;Official Version;LP;1987;Slaughter
Front 242;Official Version;LP;1987;Agressiva Due
Front 242;Official Version;LP;1987;Rerun Time
Front 242;Official Version;LP;1987;Master Hit Part 1&2
Front 242;Politics Of Pressure (12");EP;1985;Commando (Remix)
Front 242;Tragedy For You (12");EP;1990;Tragedy For You (12)
Front 242;Tragedy For You (12");EP;1990;Punish Your Machine Mix (Long Version)
Front 242;Tragedy For You (12");EP;1990;Slo-Mo
Front 242;Two In One EP;LP;1983;Principles
Front 242;Two In One EP;LP;1983;Body To Body
Front 242;Two In One EP;LP;1983;U.Men
Front 242;Two In One EP;LP;1983;Ethics
Front 242;Tyranny For You;LP;1989;Leitmotiv 136
Front 242;Tyranny For You;LP;1989;Untold
Front 242;Tyranny For You;LP;1989;Gripped By Fear
Front 242;Tyranny For You;LP;1989;Soul Manager
Front 242;Tyranny For You;LP;1989;Neurobashing
Front 242;Tyranny For You;LP;1989;Moldavia
Front 242;Tyranny For You;LP;1989;Rhythm Of Time
Front 242;Tyranny For You;LP;1989;Sacrifice
Front 242;Tyranny For You;LP;1989;Trigger 2 (Anatomy Of A Shot)
Front Line Assembly;Provision (12");EP;1990;Provision (12)
Front Line Assembly;Provision (12");EP;1990;Overkill (Surge Mix)
Fugazi;Fugazi;LP;1988;Glue Man
Fugazi;Fugazi;LP;1988;Waiting Room
Fugazi;Fugazi;LP;1988;Bulldog Front
Fugazi;Fugazi;LP;1988;Bad Mouth
Fugazi;Fugazi;LP;1988;Burning
Fugazi;Fugazi;LP;1988;Give Me The Cure
Fugazi;Fugazi;LP;1988;Suggestion
